,Job Title,Salary Estimate,Job Description,Rating,Company Name,Location,Headquarters,Size,Type of ownership,Industry,Sector,Revenue,Competitors,Age,Description_terms
0,Tactical Data Link (TDL) Analyst,74000.0,"Overview:

Oasis Systems has an exciting opportunity for a Tactical Data Link (TDL) Analyst located at Langley, AFB in Hampton, VA.

LOCATION: Langley, AFB

JOB STATUS: Full-Time

TRAVEL: N/A

REQUIRED QUALIFICATIONS (Education, Certifications, Experience, Skills):

SECURITY CLEARANCE: US Secret and NATO Secret

EDUCATION:Bachelor’s degree in a technical field (such as engineering, computer science, etc.).

OTHER QUALIFICATIONS/SKILLS:

• At least five (5) years recent experience (within past 10 years) in a job working formal operational and information exchange requirements development as they relate to fighter aircraft tactical data exchange.
• At least five (5) years recent experience (within past 10 years) in a job performing formal Multi-TDL configuration management (to include development and analysis of complex ICPs), data management, military standards management, and staff processes.
• At least five (5) years recent experience (within past 10 years) working with and exposure to Joint/Air Force doctrine and the NATO Consultation, Command and Control Board (C3B) and it subcommittees.

RESPONSIBILITIES:

• Develop Interface Control Proposals (ICPs) that make editorial and technical changes to current/future multi-TDL configuration items (US Military Standard (Mil-Std) 3011, 6011, 6016, 6017, 6020, MADL, Cursor on Target (CoT), etc.). Perform detailed technical analysis of ICPs as they relate to USAF platforms and systems.
• Provide technical multi-TDL expertise to support the integration of multi-TDL capabilities into USAF platforms and systems.
• Develop, or review previously-developed, bit-level implementation specifications for USAF platforms and systems. These implementations shall depict the total multi-TDL implementation requirements for the platform.
• Provide technical support at Technical Interchange Meetings and Design Reviews concerning multi-TDL implementations.
• Provide technical expertise to analyze concepts or problems with Air Force, Joint, or Coalition standards or implementation of those standards and provide solutions or recommendations in appropriate format as required.
• Support development of operational concepts and architectures that use existing and emerging capabilities in support of USAF platform/system information exchange, interoperability, and operational employment requirements. This support shall include participation in Integrated Product Teams (IPTs) and other working groups to address specific technical and operational issues.
• Provide analytical assessments addressing impacts on existing allied message standards and systems technical accuracy effect on doctrine and identification of potential problems and provide solutions and recommendations for implementation.
• Attend and provide technical support for Air Force, Joint and Coalition-related multi-TDL meetings.

Who We Are
Oasis Systems is a premier provider of customer-driven, cost-effective and quality Engineering Services; Enterprise Systems and Applications; Human Factors Engineering; Information Technology and Cyber Security; Professional Services; and Specialized Engineering Solutions to the Department of Defense, FAA, NRC and other federal agencies.

We strive to be an exciting and welcoming company that attracts, develops, motivates and retains the most talented, skilled and dedicated people in the industry; where they are encouraged to achieve personal excellence, purpose, and their full potential and career aspirations; while supporting mission-critical national security technologies and programs.

Oasis Systems is an equal opportunity employer and does not discriminate in hiring or employment on the basis of any legally protected characteristic including, but not limited to, race, color, religion, national origin, marital status, gender, sexual orientation, ancestry, age, medical condition, military veteran status or on the basis of physical handicap which, with reasonable accommodation, render the application to satisfactorily perform the job available.",3.8,Oasis Systems LLC,VA,-1,1001 to 5000 Employees,Company - Private,IT Services,Information Technology,$100 to $500 million (USD),-1,23,"analysis,data"
1,Data Analyst,45000.0,"Job Details
Description
MetroNet has an immediate opening for an energetic; Data Analyst in Evansville, IN!

At MetroNet, we pride ourselves on providing cutting-edge technology combined with outstanding customer care. We are a fast-growing telecommunication company, offering 100% fiber-optic technology. MetroNet specializes in fiber to the premise TV, voice and internet services that provide our customers with some of the fastest internet speeds in the world. Recognized for being one of the Best Places to Work in 2020 by Glassdoor. We are committed to revolutionizing the industry by enhancing the overall customer experience and optimizing the talent of our valued associates.

We’re looking for tech-savvy, innovative thinkers to join our team and help us create what’s next!

What is in it for you?
Competitive total compensation package
80% of Medical premiums paid for by company
Company paid Disability and Life insurance
401(k) company match and 100% vested on day 1
Discounted MetroNet service in our serviceable area
Flexible schedule
Locally owned, friendly, fun atmosphere

Job Summary:
Data Analysts in the analytics department are both full-time analysts and full-time project managers. They are also part-time report creators, part-time geospatial analysts, and part-time mad scientist. Our product is data, and our process is creative. We support every part of the business from the initial review of potential markets, to design, construction, sales, field services, management and customer service. Our analyst positions are expected to be able to solve problems and derive insights, sometimes even when none had been thought possible. We are a creative group; we do a lot of individual and also team-based collaborative work. We manage projects throughout their entire life cycle, from requirements to support. We are not an I.T. department, although we perform many functions that a typical I.T. department does. We are problem solvers, process improvers, and data storytellers.

What you will be doing:
Reviews, analyzes, and evaluates business systems and user needs.
Developing and implementing data analyses, data collection systems and other strategies that optimize statistical efficiency and quality
Acquiring data from primary or secondary data sources and maintaining databases
Manages the progress of projects and drives them to completion, sets customer and managerial expectations, and communicates status.
Identify, analyze, and interpret trends or patterns in complicated data sets and effectively communicate this information with management

What You Need For This Position:
Business process analysis and project management.
Telecommunication industry experience desirable.
Strong analytical skillswith the ability to collect, organize, analyze, and disseminate significant amounts of information with attention to detail and accuracy
Excellent interpersonal, analytical, organizational, and problem-solving skills.
Excellent oral and written communication skills.
Experience and comfort with Microsoft Office products
SQL experience a huge plus
The desire to succeed, improve, and learn

If you have a strong desire to impact, the success of our organization by ensuring we continue to attract and retain committed professionals, please apply today!

MetroNet is an EQUAL OPPORTUNITY EMPLOYER
#ZR",4.5,MetroNet,IN,-1,1001 to 5000 Employees,Company - Private,"Cable, Internet & Telephone Providers",Telecommunications,Unknown / Non-Applicable,-1,15,"analysis,data"
3,"Senior, Measurement Data Analyst",88500.0,"Position Summary
Performs data analysis to ensure a consistent, timely flow of accurate measurement data in compliance with contractual requirements, industry standards and company policy. Reviews measurement data for accuracy and makes necessary edits of data. Resolves questions and problems using principles for measurement in accordance with standardized processes, Enable Measurement Standards Procedures and AGA/API standards. Develops recommendations to improve measurement processes based on analysis.

This position requires comprehensive knowledge within a functional area. Work is performed under general direction and is reviewed upon completion for adequacy in meeting objectives and to ensure compliance with processes, standards and policies of the organization. Provides technical solutions to a wide range of difficult and complex problems. Solutions are imaginative, thorough, practical, and consistent with the objective of the organization. May train and mentor less experienced professionals.
Essential Duties & Responsibilities
Analyze, process and edit data used in the determination of measurement volume and energy quantities.
Develop, maintain and analyze queries, databases and spreadsheets to provide accurate measurement data.
Identify volume discrepancies at major delivery and receipt measurement points and resolve problems for internal and external customers.
Analyze and process prior period adjustments.
Implement and monitor quality measurement data methodologies, processes and procedures.
Partner with other team members, management, Measurement Engineers, Field Operations Technicians and SCADA team to resolve data and balance discrepancies.
Apply skills and concepts to ensure data integrity, data reliability and data accessibility throughout department/company.
Collect, organize and review measurement data from diverse data sources. Take corrective action to resolve data discrepancies. Prepare reports and summaries.
Produce and maintain data specific to measurement.
Produce procedures to document data sources and analysis methods relevant to measurement.
Serve as a source of expertise on reporting systems and data sources.
Analyze department data and reports.
Analyze large data sets to ensure reliable, accurate and timely measurement data.
Provide feedback to field operations on technical data gathering processes and accuracy.
Conduct compliance reviews of technical documents and processes.
Compile, track and report on department performance metrics.
Provide input to system and/or process design.
Write and review technical documents.
Act as a resource for less experience analysts.

Minimum Education & Experience
Bachelor's degree. In lieu of a degree, six (6) years' relevant experience will be considered.
Five (5) years' relevant experience (2 years must be directly related to Measurement).

Knowledge, Skills, Abilities
Comprehensive knowledge of gas measurement principles.
Ability to distill data into concise and easily understood concepts and recommendations.
Comprehensive data management skills; ability to format, model and analyze large data sets.
Knowledge of federal, state and local regulations (i.e. AGA, GPA, API, FERC, SOX).
Comprehensive knowledge of natural gas and liquid operations.
Ability to effectively handle pressures and demands of deadlines and competing priorities.
Ability to handle confidential information and material with the highest degree of professional responsibility.
Comprehensive skills in computer applications, databases and reporting software: FlowCal, Business Objects, Crystal Reports, Microsoft Office suite (Excel, Word, PowerPoint, Outlook, SharePoint).
Strong collaboration skills in order to partner effectively across various levels of the organization.
Strong knowledge of the organization, processes and customers.
Work independently; with guidance in only the most complex situations.
Ability to discern data inaccuracies through technical experience and knowledge.
Strong interpersonal and presentation skills.
Strong organization and process improvement skills.
Strong analytical skills; ability to recognize, analyze and solve complex problems.
Demonstrate commitment to compliance with applicable laws and regulations, company’s ethics code of conduct and other company policies and procedures.
Respect and follow safety policies and regulations; scan the environment for objects or people who may pose a safety risk; encourage others to utilize safe and healthy work practices.

Physical Requirements
Sedentary to light work exerting up to 10 pounds of force occasionally, and/or negligible amount of force frequently to lift, carry, push, pull or otherwise move objects.
Ability to view computer screen, sit, stand or walk for long periods of time.
Ability to operate a computer, copy machine, fax machine, calculator, telephone and other miscellaneous office equipment.
Ability to work in a constant state of alertness and in a safe manner.

Working Conditions
Ability to produce quality work in fast paced environment with high daily pressure to meet deadlines.
Ability to work non-standard work hours as needed or required to meet established deadlines.
Ability to work indoors, in an office environment, regardless of whether cubicle, open office or private office.
Ability to travel occasionally to work or field locations, and/or to attend meetings or training, including overnight stays.
Subject to normal office noise levels.",3.5,Enable Midstream Partners,OK,-1,201 to 500 Employees,Company - Public,Oil & Gas Exploration & Production,"Oil, Gas, Energy & Utilities",$10 to $25 million (USD),-1,2021,"analysis,data,train"
5,Lead IT Analyst - Data Governance,64000.0,"About JLG, an Oshkosh company

JLG began in 1969, when our founder, John L. Grove set out to resolve growing safety concerns in the construction industry. Since then we have been committed to understanding the challenges and delivering innovative solutions to the access market. We partner with customers to provide quality equipment, training opportunities and trusted support within the access industry. We are a global company, and our products—including mobile elevating work platforms, telehandlers, utility vehicles and accessories—can be found all over the world.

JOB SUMMARY:

The Lead IT Analyst - Data Governance will lead the full life-cycle of data governance solutions including, creation of data governance policies and procedures, engaging and training data stewards, creation of quality metrics, and working with users to identify and track personally identifiable and other regulated information. This role will work on simple to complex projects and lead and facilitate governance efforts, including coordinating activities with internal and external resources. These activities will contribute to an environment of reliable, quality data to drive better decisions through analytics and reporting within the business.

ESSENTIAL DUTIES AND RESPONSIBILITIES:

These duties are not meant to be all-inclusive and other duties may be assigned.

Collaborate with business and information technology partners, and subject matter experts to understand data challenges to put the required processes in place to address those challenges.
Work with the Project Management Office to continuously improve testing methodologies related to projects and other activities.
Work with other Digital Technology teams to implement and update on-going production quality process and validations.
Ensure timely corrective actions taken to resolve identified data quality issues, including future mitigation.
Develop and maintain data governance and data quality strategies and oversight of the activities to enact those strategies.
Provide project updates and report on progress of data governance, data quality and control remediation activities
Perform extensive data profiling across the data portfolio to assess current state data quality.
Work with Data Architecture to implement data standards in response to data quality issues, needs and findings.
Evaluate tools including prototyping new capabilities to stay abreast of the Data Management industry.
Lead continuous improvement activities and promote adherence of current department standards.
Guide, mentor, and assist less experienced team members.

MINIMUM QUALIFICATIONS:

Bachelor’s degree in Computer Science, Information Systems or equivalent.
Seven (7) or more years of experience in Data Analysis, Information Technology, or in a related area.

PREFERRED QUALIFICATIONS:

Experience using data governance, data quality, data catalog and data privacy solutions.
Relevant industry training or certifications with data governance tools and other related data management tools.
Ability to translate business and technical requirements into data solutions.
Knowledge of key data management processes.
Experience in project life-cycle management.
Excellent organizational skills and ability to communicate with internal/external entities.
Experience and proficiency with various web-based software applications including Microsoft Office Word, Excel, PowerPoint, SharePoint, etc.

WORKING CONDITIONS:

Physical Demands: Frequent Sitting, Hearing, Talking, Visual, Typing, Manual Dexterity; Seldom Standing, Walking/Running, Reaching, Driving, Bending/Kneeling, Fine Dexterity, Upper Extremity Repetitive Motion, and Lifting/Carrying and Pushing/Pulling up to 40lbs.

#LI-KP1
USA100
Oshkosh is committed to working with and offering reasonable accommodation to job applicants with disabilities. If you need assistance or an accommodation due to disability for any part of the employment process, please contact us at: 920-502-3009 or corporatetalentacquisition@oshkoshcorp.com.

Oshkosh Corporation is an Equal Opportunity and Affirmative Action Employer. This company will provide equal opportunity to all individuals without regard to race, color, religion, sex, sexual orientation, gender identity, national origin, disability, or veteran status. Information collected regarding categories as provided by law will in no way affect the decision regarding an employment application.

Oshkosh Corporation will not discharge or in any manner discriminate against employees or applicants because they have inquired about, discussed, or disclosed their own pay or the pay of another employee or applicant. However, employees who have access to the compensation information of other employees or applicants as a part of their essential job functions cannot disclose the pay of other employees or applicants to individuals who do not otherwise have access to compensation information, unless the disclosure is (a) in response to a formal complaint or charge, (b) in furtherance of an investigation, proceeding, hearing, or action, including an investigation conducted by the employer, or (c) consistent with Oshkosh Corporation's legal duty to furnish information.

Certain positions with Oshkosh Corporation require access to controlled goods and technologies subject to the International Traffic in Arms Regulations or the Export Administration Regulations. Applicants for these positions may need to be ""U.S. Persons,"" as defined in these regulations. Generally, a ""U.S. Person"" is a U.S. citizen, lawful permanent resident, or an individual who has been admitted as a refugee or granted asylum.",4.2,Oshkosh Corporation,MD,-1,10000+ Employees,Company - Public,Transportation Equipment Manufacturing,Manufacturing,$5 to $10 billion (USD),-1,103,"training,data"
6,Data Analyst,61000.0,"We are empowering our clients with actionable analytics in order to positively impact peoples’ lives. The insights we gain from our analyses guide our strategic path forward as we empower non-profit and public-sector organizations to build prescriptive paths forward for the people they serve. The Data & Analytics team proactively leads and collaborates to identify the most valuable problems to solve, constructs a Roadmap to delivery, and executes our plan. The Data Analyst should be a curious, hands-on teammate that will help us make smarter decisions to deliver even better internal and external products. Your primary focus will be in data curation, data analysis, converting analysis into appealing understandable visualizations, and communicating (data storytelling) these results clearly to business stakeholders and clients.

What You’ll Do
Aid in the development of data insights and analytics that continually improve with the collection of real-time program results from our product portfolio
Work in an Agile environment with team members, delivering solutions quickly and continuously exploring ways to improve our results
Actively seek out new potential problems to solve, building out our future Roadmap while simultaneously executing our present analyses
Drive adoption of data and insights-driven business decision making processes
Work closely with colleagues in Product, Operations, Sales, and Marketing to structure problems and understand the impact across various departments within the company
Enhance data collection procedures to include information that is relevant for building analytic systems
Be a data wrangler - Processing, cleansing, and verifying the integrity of data used for analysis
Executing ad-hoc analyses and presenting results in a clear manner to leadership team stakeholders
Minimum of a bachelor’s degree in a quantitative field. If you can tell a story related to how you can leverage your educational background on a data science team, we are all ears
3-5 years of experience in developing business analytics solutions, focusing on requirements gathering and effective visualization of insights
Experience in SQL and data visualization tools (Power BI, Tableau, plot.ly, etc.)
Experience with Python for data analytics
Nice to have – experience with Jupyter or Zeppelin notebooks
Be a collaborative teammate, sharing knowledge and learning from others while working through complex problems
Confidence, hustle, energy, and drive – accountability is key and the impact of your work is crucial to our success
You are always ready for the next challenge, always one step ahead, looking for creative ways to improve upon processes
Why We’re Awesome

Recently named one of Built In Austin’s Best Places to Work for in Austin. At Social Solutions, we’re mission focused and results oriented! We’re a diverse team of innovators, creatives, and digital architects that come together to help organizations transform lives. Our clients affect countless lives every day. That’s why we go above and beyond to provide tools to get the job done. We help non-profits get to the heart of their data so they can maximize their efforts to be more impactful. In essence, we help those that are changing the world.

What You’ll Get
Amazing coworkers
Flexible PTO
100% employer paid benefits for employees
8 hours per quarter of paid volunteer time
Company sponsored events and happy hours
Career advancement opportunitiesand more!
To ensure candidate and employee health, Social Solutions is conducting the interview process remotely via Zoom for the foreseeable future. Thank you in advance for your cooperation!

In order fulfill Social Solutions’ mission to “help people transform lives,” we seek to build teams that leverage diverse perspectives to create an innovative and welcoming environment.

To that end, we make employment decisions based on qualifications, merit, and business need. Social Solutions does not discriminate on the basis of age, race, color, religion, sex, sexual orientation, gender identity, national origin, protected veteran status, or disability.",3.4,Social Solutions,TX,-1,201 to 500 Employees,Company - Private,Computer Hardware & Software,Information Technology,$25 to $50 million (USD),-1,20,"insights,data,python,learning,analysis"
7,Population Health Data Analyst,65000.0,"POSITION PURPOSE:
The Population Health Data Analyst position is responsible for collaborating with Eagle Valley Behavioral Health and Population Health team members and community partners to establish data needs, identify systems and processes for data collection, interpret data trends and assist in the creation and interpretation of data reports for dissemination to EVBH, CMM and Vail Health leadership, Board members, community partners and the general public.

ESSENTIAL JOB FUNCTIONS:
Collaborate with team members and community partners to establish behavioral health and population health data needs and establish mechanisms for routinely collecting, analyzing and reporting behavioral health and population health data to the public.
In collaboration with leadership, identify new and existing systems and processes for data collection and then collect data from various sources and use statistical methods to analyze and interpret data to identify patterns and trends in complex data sets on a routine basis.
Oversee data collection and reporting for various initiatives, including but not limited to community peer support and population health programs.
In collaboration with leadership, examine various data sets to find trends, create charts, models, and data visualization tools, presentations and data reports to translate data into lay terms and assist with key business decisions.
Design and generate data reports and dashboards from multiple data systems.
Train community partners and other end users on how to interpret data reports and use common queries in published data dashboards (suicides with alcohol use, demographics of mental health patients, veterans that utilized outreach resource referrals, as an example).
Monitor performance, data quality and data integrity to identify improvements to behavioral health and population health data collection, analysis and reporting. Make recommendations to improve EVBH, CMM and Vail Health processes, systems and data quality.
Provide quality assurance and ensure confidential data is maintained according to HIPAA, CMM and Vail Health requirements.
Provide information in a fair and impartial manner which is culturally and linguistically appropriate, and disability accessible, for the populations being served, including individuals with limited English proficiency.
Work with the community to coordinate any associated resources, supports, or services that are tied to data collection, analysis and reporting that would enhance behavioral health and population health services.
Role models the principals of a Just Culture and Vail Health Values.
Perform other duties as assigned. Must be HIPAA compliant.
Experience:
At least 2-5 years of data analysis experience required- including the use of statistical methods to collect and analyze data and generate quality business reports.
Demonstrated expertise in the use of data models, data mining, data visualization and data interpretation, vision tools, and report writing.
Knowledge of statistics and experience using statistical packages for analyzing datasets (Excel, SPSS, SAS etc).
Experience with T-SQL (Transact SQL) and/or PL-SQL (Procedural Language) and PowerBI and/or Tableau highly preferred
Experience/ Specialization in population health analysis highly preferred
Strong written and verbal communication skills with the ability to write comprehensive reports and present findings both in writing and in person.

Education:

Graduate from an accredited college or university with a bachelor’s degree in Computer Science, Mathematics, Information Management, Statistics or a comparable field of study.",4.0,Vail Health,CO,-1,501 to 1000 Employees,Hospital,Health Care Services & Hospitals,Health Care,$100 to $500 million (USD),-1,54,"analysis,data,train,models"
8,Data Analyst,48000.0,"Breckenridge Grand Vacations (BGV) is seeking qualified analysts who will help grow our highly cross-functional analytics department. The Data Analyst is responsible for quantitative& qualitative analysis, reporting, and data mining across all of BGV’s finance, marketing, operations, and sales divisions. At its highest level, this position identifies the business’ analytical needs, collaborates with the analytics team& business intelligence, develops thoughtful analyses, and effectively communicates findings and recommendations to key decision makers including executive leadership. BGV Analysts are highly detail oriented, proactive self-starters, team players, capable of multi-tasking, and can analyze large amounts of data with creativity and innovation in mind. Please visit www.BGVjobs.com to apply!

Data Analyst Essential Duties and Responsibilities(including but not limited to):
Understand and facilitate the integration of various business processes, people, software, data, and relevant technology to identify, configure, and communicate meaningful information that supports and drives decision making across all divisions of the company.
Leverage Tableau, MS Excel, and other BI tools for analysis, reporting, data visualization, self-service support, across disparate systems. Analysts must stay abreast of changes and improvements within the software to maximize value.
Provide pertinent information to BGV managers and executives by assembling and summarizing data, developing thorough analyses, preparing reports, identifying business solutions, making presentations of findings, and recommending courses of action.
Build and maintain analytical models, dashboards, reports, and templates to drive awareness and understanding of key performance indicators while ensuring quality, accuracy, and a focused analytic review.
Utilize data analysis skills to perform full lifecycle analytics including gathering requirements, design and development of analytic data sets, data mining, data quality assessment, data profiling, analytical infrastructure maintenance, and predictive analytics support.
Convert business expectations into data analysis while recognizing the audience and effectively communicating complexities at an executive level.
Analytics Team Cross-Functional Focuses(including but not limited to):

Financial Analysis and Reporting:
Pro forma financial statements; revenue/expense budget development and variance tracking; profit/cost efficiencies; resort financing& hypothecation; accounts receivable management; tax reporting; prospective resort development
Marketing Analysis and Reporting:
Campaign strategy and segmentation; program, CRM, website, lead generation, and call center performance; property tour conversion; tour budgeting; tour show-rate tracking; no show predictions; product affinity; customer list building& targeting
Operations Analysis and Reporting:
Resort occupancy, owner usage, exchange usage, rental inventory and revenue management, average daily rates, guest outreach, owner support, reservation& contact center, vacation rentals, resort operations department performance, guest surveys
Sales Analysis and Reporting:
Sales volume forecasting; inventory control; pricing& commission management; agent performance; tour prospect ranking; tour scheduling enhancements; Volume Per Guest (VPG) budgeting; sales management and administrative initiatives
Required Experience:
2– 5 years of related professional experience developing analytics and working with data in an organization
Bachelor’s degree in Analytics, Finance, Economics, Marketing, Mathematics, Statistics, Real Estate or other related field
MBA/Masters, concentrations, certifications, or specializations in related field a plus
Qualifications:
Advanced abilities in Tableau and MS Excel (other data visualization and BI tools ok but Tableau is preferred)
Experience and knowledge of various statistical programming languages (Python, R, MATLAB)
Proficiency in reading and writing code/queries in SQL and Visual Basic (VBA)
Must be highly detail oriented with strong organizational skills and can multi-task
Possesses excellent interpersonal skills, is a team player, and is an enthusiastic learner& self-starter
Motivated by growth opportunities, looking for the ability to make an impact, appreciates work-life balance, and has an entrepreneurial spirit
Benefit Summary:
Robust Medical, dental, and vision insurance plans and employer match 401(k) plan
Paid holiday time-off and paid volunteer time-off
Recreation and ski pass programs
Tickets to Rockies, Avalanche and Nuggets games, Pepsi Center concerts and events
Discounts on lodging, retail, restaurants, and activities
Employee housing(subject to availability)
About Breckenridge Grand Vacations:

BGV was formed in 1984, serving as the developer, owner, and operator of four Breckenridge Resorts: Gold Point Resort, Grand Timber Lodge, the Grand Lodge on Peak 7 and our newest resort, the Grand Colorado on Peak 8. Winner of the ACE Philanthropic Award in 2016 from the American Resort Development Association (ARDA), Denver Post’s 2018 Top Large Workplace: 1st Place, and winner of the ACE Project of Excellence (Grand Colorado on Peak 8) in 2020 from the American Resort Development Association (ARDA) as the best resort in the world for the year. Breckenridge Grand Vacations is widely recognized as one of the most successful independent developers in the industry.

Here at Breckenridge Grand Vacations, we pride ourselves on always creating Grand vacations for families and friends alike. Our purpose statement sets the stage for impacting the lives not only of our owners and guests, but our employees and our community:The Soul of BGV is creating smiles!",4.5,Breckenridge Grand Vacations,CO,-1,501 to 1000 Employees,Company - Private,"Hotels, Motels, & Resorts",Travel & Tourism,$50 to $100 million (USD),-1,36,"analysis,data"
9,HCM Data Analyst,74500.0,"Any qualified individual with a disability who is having difficulty in completing an application because of incompatible technology or other disability-related application issues may contact us at the following phone number for assistance: 251-445-1932.

Austal shall abide by the requirements of 41 CFR §§ 60-1.4(a), 60-300.5(a) and 60-741.5(a). These regulations prohibit discrimination against qualified individuals based on their status as protected veterans or individuals with disabilities, and prohibit discrimination against all individuals based on their race, color, religion, sex, sexual orientation, gender identity, or national origin. Moreover, these regulations require that covered prime contractors and subcontractors take affirmative action to employ and advance in employment individuals without regard to race, color, religion, sex, sexual orientation, gender identity, national origin, protected veteran status or disability. Austal’s commitment to equal employment opportunity applies at all levels of employment, in all job titles, including the executive level, and to all employment actions, including but not limited to decisions concerning recruitment, hiring, training, and promotion.
REPORTS TO: HCM Coordinator
SUPERVISES: N/A
AUTHORITIES / RESPONSIBILITIES:
The HCM data analyst plays a crucial role in collecting, structuring, analyzing, and reporting on HR processes and data. Supports business with key HR insights reporting (manning levels, hires; retention, turnover), talent metrics (promotion reporting; learning and development tracking; performance management insights), benefits reporting (billing invoices, participation census) as well as ad hoc reporting and data analysis as needed.
Job Description
Utilizes Workday systems and analytical tools to develop, analyze and interpret HR workforce data.
Partners with stakeholders across business units to build and implement reporting and analytic solutions that provide leaders with information necessary to achieve business goals and objectives.
Develop and maintain standardized dashboards and other related metrics reports for organization-wide and HR department evaluation.
Maintains common HR data repository
Monitors effectiveness of reporting and analytics products to ensure optimal value to the business, modifying or operationalizing new metrics and dashboard products as needed.
Creates scheduled reports and respond to ad-hoc queries from senior management and other areas of the company.
Leverages data extraction tools and approaches to perform complex data analysis and formulate new meaningful insights.
Reviews new reporting requests to be sure the request is consistent with HR systems and data strategies.
Creates, maintains, and ensures quality assurance of human resources data sets, reports, and metrics.
Recommends process and system improvements, follow up on recommendations.
Assist in the identification of data integrity problems and recommend solutions.
Other special projects, as needed.
Other duties as assigned;
QUALIFICATIONS / KNOWLEDGE / EXPERIENCE:
Bachelors degree or equivalent.
3-5 Business Analyst experience documenting Business Requirements and conducting data analysis.
Workday experience preferred in one or more modules: HCM, Benefits, Talent/Performance, Security, or Advanced Compensation.
Strong written and verbal communication skills to effectively communicate processes and procedures with managers and employees.
Highly developed ability to provide clear, concise verbal and written explanations for complex concepts so that others see the value add in recommendations and solutions.
Strong computer proficiency and technical aptitude to utilize MSOffice. Expert-level proficiency in Microsoft Excel (PowerPoint a plus).
Strong process orientation, analytical and problem-solving skills
Excellent service orientation skill set, ability to build strong relationships with fellow HR team members.
Must work with a sense of urgency and have the ability to handle confidential information in a professional manner. Can handle demands from multiple customers and has the ability to prioritize.
Ability to work collaboratively with multiple teams/organizations with attention to detail and strong organizational skills.
Flexible and has the capability to deliver results in a fast-paced, and high volume environment.
TOOLS: Not applicable
DIRECTION EXERCISED: Works within established guidelines. Works autonomously and escalates issues to HCM Coordinator as appropriate.
DISCRETION EXERCISED: A degree of creativity and latitude is expected. Relies on experience and judgment to plan and accomplish goals.
LIAISES WITH:
Employees, Department Managers, HR / Benefit Staff, Finance staff and external consultants as assigned.
ADDITIONAL GUIDELINES:
The ability to obtain and maintain a DoD clearance may be required if deemed necessary in the scope of your position responsibilities.
Candidates must meet the following employment eligibility guidelines to be eligible for employment with Austal USA:
18 years or older at time of application
Able to provide proof of US Person status (permanent resident or citizen)
No felony convictions of theft/deception or violent crimes within seven years from disposition date
No felony convictions of drug crimes within three years from disposition date
Willing to submit to a drug screen
Willing to submit to a background check",3.1,Austal USA,AL,-1,1001 to 5000 Employees,Company - Public,Industrial Manufacturing,Manufacturing,$1 to $2 billion (USD),-1,32,"insights,data,learning,analysis,bachelors"
10,Customer Master Data Analyst,69500.0,"Job Description:
Accurate setup, review and maintenance of Customer Master Data utilized in our SAP ERP system to support our business.
Review customer data submitted by original requestor, Sales, Customer Service or any other requestors and work closely with MDG to institute.
Work directly with credit for removal of MDM Block once confirmation received from Pricing and Trade departments that the completion of customer prices and trade spend / rebate, royalty or commission agreements have been setup.
Update Material Determination records in SAP; additions, changes, deletions to determine the proper materials to be utilized on sales orders/EDI.
Maintain Output Condition Records for billing and orders which includes creation of contact persons and tying them to the output records.
Create and update sales rep and broker information in SAP and apply appropriately to customers so that sales data and broker commission accrues properly.
Support the dual maintenance process of the Customer Master during interim state. Creation of customer accounts in Maestro and updating cross reference table for the interface with SAP.
Creation and updates to customer hierarchies, used for pricing, trade and reporting.
Maintain Customer Service Representative Contacts in SAP and attaching them to the proper customer account. This includes additions, updates, deletions.
Setup and update the Customer Material Info Records (CMIR) to aid in order placement mapping the customer material number to our material number.
Generate BI or ad hoc customer sales reports to support activities as required
Other duties as assigned.


Job Requirements:
Education – High School Diploma, preferred Higher education in Business, Finance or related discipline.
Experience –5+ years’ in a similar role working with customer data or customer service and a sound understanding of our business structure.
Experience with Microsoft office – Outlook, Excel, Word
SAP experience preferred but not required
Must possess strong communication, organization, and analytical skills.
Exemplary attention to detail and accuracy.
Ability to work collaboratively with all departments and management levels within the company to ensure data integrity
#LI-KP1
#SAPIND",3.8,Saputo,IL,-1,10000+ Employees,Company - Public,Food & Beverage Manufacturing,Manufacturing,$10+ billion (USD),-1,66,data
11,Data Analyst,66000.0,"Data Analyst

Job Details
Job Location
Yakima - Yakima, WA
Position Type
Full Time
Education Level
Bachelor's degree
Salary Range
$58,900.00 - $73,600.00 Salary/year
Job Shift
Day
Job Category
Information Technology
Description
Who is Comprehensive Healthcare?
Comprehensive Healthcare provides innovative behavioral health and integrated healthcare services to clients of all ages. We take pride in our creative and collaborative work environment and in delivering clinically excellent, trauma-informed, recovery-oriented services.

What are we looking for in a Data Analyst?
As a member of the Information Services department, the Data Analyst supports Comprehensive’s technology and business initiatives by coordinating the collection, storage, and utilization of essential data. This position will work closely with leadership and other staff to determine data needs for specific projects or ad hoc requests, and then gather, interpret, and present the information to the team. The work of the Data Analyst will impact day-to-day clinic operations as well as business decisions, so a high degree of accuracy, thoroughness, and timeliness are essential. Previous experience performing data analytics in the healthcare field is required. The Data Analyst will work on-site in our Yakima office.

Data Analyst duties may include:
integrating data from internal & external sources and performing extract, transform, and load operations to data in various applications
analyzing data to identify and interpret patterns or trends in data sets
performing data audits to identify problem areas & implementing strategies to optimize data integrity and process improvements
assisting with the design & implementation of database warehouse structure and developing standards for the design of data elements
supporting the implementation, testing, and validation of data & software systems
assisting with ongoing data architecture processes & governance
providing Tier II technical support to employees
documenting all work as it is completed
Qualifications:
Bachelor’s degree in computer science, data analytics, or related field
Three years of experience with data analysis within the healthcare industry
What Comprehensive Healthcare Can Offer You
Training and Development
A variety of career opportunities in a wide range of settings with room for mobility and promotion
Regular training opportunities including support, supervision, and consultation in implementing evidence-based services and programs
Innovative Program & Services
A strong reputation for providing quality, evidence-based services within a collaborative multi-disciplinary team environment
Innovative, forward-looking leadership that seeks to thrive in an ever-changing healthcare environment
Joint Commission-accredited organization committed to continuous quality improvement
Established partnerships with major research universities and other community and healthcare providers to implement cutting-edge treatment programs and services
Excellent Benefits
Competitive salaries within our communities and industry
Healthcare coverage for employee and qualified family members
Generous vacation, paid holiday and sick leave policies
Access to Employee Assistance Program services
Agency-funded retirement plan with contributions equal to 5% of compensation
Additional retirement investment opportunities with a 50% investment match of up to 4% of compensation
Agency-funded life and disability insurance program
Equal Opportunity Employer
Comprehensive Healthcare is proud to be an equal opportunity employer. We do not discriminate based on race, sex, age, color, religion, national origin, sexual orientation, gender identity or expression, marital status, veteran status, disability status, or any other basis prohibited by federal, state, or local law. We value the diverse perspectives and strengths that our employees bring to the workplace and we encourage individuals from underrepresented groups to apply for our positions. The Human Resources department offers accommodations and assistance for the application and interview process; please contact us at (509) 575-4084 to make arrangements.",3.6,Comprehensive Healthcare,WA,-1,501 to 1000 Employees,Nonprofit Organization,Health Care Services & Hospitals,Health Care,Unknown / Non-Applicable,-1,49,"analysis,training,data,database"
12,Financial Data Analyst,45500.0,"This position is responsible for data analysis, reporting, and operational analysis for departments throughout iCare as needed.
ESSENTIAL DUTIES and RESPONSIBILITIES:
Assist in the preparation, review and reconciliation of the encounter submissions to the various governmental agencies (State and Federal).
Provide information necessary to assist the contracting department during rate negotiations and assist in the developing of standardized rates.
Review Patient Protection and Affordable Care Act (“PPACA”) distribution analysis received from the State of Wisconsin to identify any abnormalities in the detailed data.
Integrate clinical and operational data into information that can be used to support committee and Board of Director reports.
Perform ad hoc data analysis and reporting through the creation and use of SQL language queries and incorporating results in readable formats such as Excel and/or PDF documents.
Provide reports to analyze existing trends and research the elements causing the trends
Develop and analyze reports on various projects like Hierarchical Condition Categories (“HCC”) prospective member assessments and the Five-Star Program, to create operational efficiencies and improve financial performance.
Compile and provide Medicare Advantage Bid documents to actuaries.
Analyze the year-end Part D reconciliation from Centers for Medicare and Medicaid Services (“CMS”).
Creation of monthly saving initiative, managerial and Board of Director reports.
Reconcile and research variances between paid claims and the check register.
Provide backup to reconciliation duties performed by other financial data analyst.
Provide backup to administrative expense development for the bid, completion of the serious reportable adverse event, HCC year-end accrual documentation and adjustments, development of projection models, and interactions with external vendors.
Provide back-up assistance to the Senior and/or Lead Financial Data Analyst in providing governmental monitoring reports.
Analyze and balance data results to insure accuracy of the data results.
Assist in developing systematic approaches to create efficiencies in reporting and operational procedures.
Assumes responsibility for special projects.
Fully participate in iCare’s Compliance Program, including compliance with iCare’s Code of Conduct, policies and procedures, and all applicable Privacy and Security laws
An individual in this position must be able to successfully perform the essential duties and responsibilities listed above. Reasonable accommodations may be made to enable individuals with disabilities to perform the essential functions of this position.
The above list reflects the general details necessary to describe the principle and essential functions of the position and shall not be construed as the only duties that may be assigned for the position.

MINIMUM QUALIFICATIONS:
Bachelor’s Degree in Business/Finance/Accounting, Information Systems Management, or related field.
Three to five years’ experience in analyzing data by writing complex queries in SQL.
Knowledge and experience in working with statistical data, formulas and actuarial tables.
Highly skilled and proficient with spreadsheet, and word processing software as well as obtaining information from databases through SQL and a working knowledge of Microsoft Access.

PREFERRED QUALIFICATIONS:
Three years’ experience working in a managed care environment
Exposure to Medicare
Experience with Business Objects and SAS software

PHYSICAL AND MENTAL DEMANDS:
Ability to work in a fast-paced environment
Ability to communicate ideas/concepts orally as well as in writing
Ability to multi-task/handle several issues simultaneously
Ability to work as a team member
Ability to function independently
Ability to conceptualize procedures on a step-by-step basis
The mental and physical requirements described here are representative of those that must be met by an individual to successfully perform the essential functions of this position.

WORKING ENVIRONMENT:
Work hours are from 8:30-5:00. Additional time and effort beyond a normal workweek may be required to accomplish company and individual objectives and to provide a high level of service to our members.
Work environment is fast paced, may be stressful at times.
Minimal travel may be anticipated.
The work environment characteristics described here are representative of those an individual encounters while performing the essential functions of this position.

#CB
Experience
Required
experience in working with statistical data, formulas and actuarial tables
3 - 5 years: experience in analyzing data by writing complex queries in SQL
Education
Preferred
Bachelors or better in Management Information Systems or related field
Bachelors or better in Accounting or related field
Bachelors or better in Finance or related field
Behaviors
Preferred
Dedicated: Devoted to a task or purpose with loyalty or integrity
Thought Provoking: Capable of making others think deeply on a subject
Detail Oriented: Capable of carrying out a given task with all details necessary to get the task done well
Motivations
Preferred
Ability to Make an Impact: Inspired to perform well by the ability to contribute to the success of a project or the organization
Work-Life Balance: Inspired to perform well by having ample time to pursue work and interests outside of work
Growth Opportunities: Inspired to perform well by the chance to take on more responsibility
Flexibility: Inspired to perform well when granted the ability to set your own schedule and goals",2.9,Independent Care Health Plan,WI,-1,201 to 500 Employees,Company - Private,Insurance Carriers,Insurance,$10 to $25 million (USD),-1,26,"analysis,data,bachelors"
13,Energy Market Data Analyst,81500.0,"Thursday, October 22, 2020

Market Support Services analysts work across the organization to analyze changes to the New England energy markets, develop requirements for software systems to administer the markets, provide feedback on technical software designs, and perform software testing.

How You Will Make an Impact
Participate in discussions with internal stakeholders during formation and/or modification of Market Rules that affect the business processes of supported business groups.
Ensure quality software solutions are delivered by developing and reviewing business requirements and performing software testing.
Work with business units to understand stakeholder needs.
Complete development of calculation verification tools for Settlements software solutions.
Work with business groups to identify improvements to business processes.
Act as a liaison between business stakeholders and software development teams.
Provide business analysis on multiple projects of varying duration, size, and complexity
What we are looking for
Bachelor’s Degree in Mathematics, Electrical Engineering, Computer Science or Information Systems, Business Administration or other applicable discipline. Master’s Degree preferred for Senior Analyst and up
Strong Microsoft Excel skills with experience in building and\or updating macros using VBA
Knowledge of SQL and SAS
Strong communication and collaboration skills
Detail-oriented with strong organizations skills
Ability to work in a team and individually
Ability to uncover, understand and translate business needs into business requirements
Knowledge of Agile methodology, Scrum framework a plus
Familiarity with Confluence and/or Jira a plus

ISO New England oversees the 24/7 operation of the power grid that covers the six-states of New England and administers the region’s $10+ billion “stock exchange” for the buying and selling of wholesale electricity. The power system is constantly evolving as new technologies emerge and energy policies evolve. There is a lot going on at our organization behind the scenes to make sure the grid continuously yields reliable electricity at competitive prices while addressing the unique challenges that come along with our industry.

What We Offer: ISO New England is located in Holyoke, MA. The company provides a base salary plus bonus, competitive Medical and Dental plan, paid vacation, 401k with company match, retirement plan and more. All benefits start on your first day.

Equal Opportunity

We are proud to be an EEO/AA employer. Applicants for employment are considered without regard to race, creed, color, citizenship, religion, sex, sexual orientation, marital status, national origin, age, disability, status as a veteran, Vietnam Era Veteran, or being a member of the Reserves or National Guard.

Drug Free Environment

We maintain a drug-free workplace and perform pre-employment substance abuse testing.

Social Networking Notice
ISO New England reserves the right to review the candidate's postings on any social networking site accessible in the public domain as part of the candidate assessment process.

Career Opportunities at ISO New England

Other details
Pay Type
Salary
Apply Now",3.9,ISO New England,MA,-1,501 to 1000 Employees,Nonprofit Organization,Utilities,"Oil, Gas, Energy & Utilities",Unknown / Non-Applicable,-1,23,analysis
14,Data Governance Analyst,57500.0,"Five Star Bank and affiliate companies are committed to Equal Employment Opportunity and Affirmative Action. We recruit, hire, train and promote persons in all job titles and ensure that all other personnel actions are administered without regard to race, religion, color, national origin, citizenship, sex, sexual orientation, gender identity, age, veteran status, disability, genetic information, or any other protected characteristic. Five Star Bank and affiliate companies are committed to providing reasonable accommodations to employees and applicants with disabilities to the full extent required by the Americans with Disabilities Act (ADA). If you feel you need a reasonable accommodation pursuant to the ADA, you are encouraged to contact us at (585) 786-4344, (585) 498 - 7565 or (585) 786-1417.

Position Title: Data Governance Analyst
Location/Affiliate: FSB Plaza
Reports To (Title): Enterprise Data Manager Department: Enterprise Data Management
FLSA Status: Exempt
Purpose: The Data Governance Specialist is responsible for the administration of the Data Governance program and the maintenance of the master data across the enterprise. The Data Governance Specialist will accurately monitor identified data quality issues and communicate with stakeholders to prioritize and solve problems regarding data quality.

Scope and Direction

Area of Responsibility:
Enterprise Data Management and Data Governance

Degree of Supervision Received (Minimal, Moderate or Extensive): Minimal
From (Title): Enterprise Data Manager

Degree of Supervision Given (None, Minimal, Moderate or Extensive): None
To (Title(s)):
Essential Functions:
Work with lines of business to identify and solve data integrity and quality issues, recommend data quality improvement opportunities, and establish metrics for tracking performance of critical data elements
Assist lines of business with interpreting data and creating reports
Assist with policies, procedures and standards for information management throughout its lifecycle
Establish and maintain automated data quality monitoring systems and report on their performance
Provide metadata reports for management, such as data quality scorecards and exception reports
Work with IT to establish, monitor and maintain data processes and provide support for enterprise data warehouse and reporting platforms
Leverage third party data analysis solutions and vendors to enhance data reporting, validation and quality processes
Analyze existing tools and databases and provide software solution recommendations
Monitor and maintain the reporting environment, including data sources, security, and metadata.
Demonstrate the standards and principles of the Five Star Bank experience in every interaction with internal and external customers, associates, and stakeholders. Incorporate the high performance behaviors of teamwork, leading by example, and service in every facet of work.
This job description is not exhaustive. The {position title} may be required to perform other duties as assigned.
Job-Related Qualifications:

Education:

Required: Bachelor’s Degree in Computer Science, Information Systems, or related field

Preferred: Master’s Degree in Computer Science, Information Systems, or related field
Prior Experience:

Years: 3 Type: Industry experience as a business analyst or data analyst, or in a data quality management role

Years: 5 Type: Industry experience in a data quality management or data governance role

Licenses or Accreditation:

Required:

Preferred:

Competencies:
Experience with querying and programming languages, including SQL, Python, Java, or similar; comfortable reading, troubleshooting, understanding, and learning coding languages.
Strong organizational skills with the ability to multitask and prioritize to meet assigned deadlines.
Strong analytical skills with the ability to identify quantify and effectively raise business risks associated with data quality or non-compliance.
Strong verbal, written communication, and presentation skills.
Experience with Windows-based PC’s and Microsoft Outlook with the ability to learn new and existing banking software.
Ability to work with all levels of staff and management.
Attention to detail, a sense of urgency, and a commitment to deadlines
Physical Requirements:
Able to regularly sit for prolonged periods of time
Extensive computer usage is required
Note: At a later stage in the application process, applicants may be required to provide information about their criminal conviction history, if any, and to authorize the procurement of a consumer report that will contain, among other things, information about criminal conviction history. Except as required by applicable law, past criminal convictions will not automatically disqualify an applicant from employment, and Five Star Bank will only consider such history in accordance with applicable law. Please be advised, however, that federal law prohibits Five Star Bank from employing “any person who has been convicted of any criminal offense involving dishonesty or a breach of trust or money laundering, or has agreed to enter into a pretrial diversion or similar program in connection with a prosecution for such offense” unless the FDIC has provided prior written consent.",3.1,Five Star Bank,NY,-1,501 to 1000 Employees,Company - Public,Investment Banking & Asset Management,Finance,$100 to $500 million (USD),-1,2021,"analysis,learning,data,train"
16,Data Analyst,77000.0,"A Data Analyst interacts with different lines of business to gather information from various sources, interpret patterns and trends, and turns it into information, to support the business. The ideal candidate should be highly skilled in all aspects of data analytics, including mining, generation, and visualization and be committed to transforming data into readable, goal-driven reports for the business. With a focus on improving and building business intelligence, this role will support Sales and Marketing.

Basic requirements
Bachelor’s degree in Business, Marketing, Economics, or related degree
Excellent oral and written communication skills
Excellent systems skills including Excel & PowerPoint with advance proficiencies,
Ability to learn other software – Power BI, Tagetik, Oracle and others
Proactively performs analyses of historical data to surface trends and insights using analytical methods and find opportunities for growth through analysis of complex data sets.
Create and automate standard reporting and analysis ensuring the commercial team and leaders have access to key data required to successfully manage the business.
Prepares, delivers and present reports and presentations that translate analytic insights into tangible, actionable solutions for business partners to implement.
Engages with internal partners to understand business strategy, questions, and goals, investigating and communicating areas for improvement in efficiency and productivity
Create and maintain rich interactive visualizations through data interpretation and analysis by integrating various reporting components from multiple data sources.
Responsibilities
Develop and maintain databases by acquiring data from primary and secondary sources and verifies its quality, accuracy and reasonableness.
Create and automate standard reporting and analysis ensuring the commercial team and leaders have access to key data required to successfully manage the business.
Proactively performs analyses of historical data to surface trends and insights using analytical methods and find opportunities for growth through analysis of complex data sets.
Create and maintain rich interactive visualizations through data interpretation and analysis integrating various reporting components from multiple data sources.",4.3,Carmeuse,PA,-1,1001 to 5000 Employees,Company - Private,Mining,Mining & Metals,$1 to $2 billion (USD),-1,160,"analysis,insights,data"
17,Enterprise Data Analyst,57500.0,"Five Star Bank and affiliate companies are committed to Equal Employment Opportunity and Affirmative Action. We recruit, hire, train and promote persons in all job titles and ensure that all other personnel actions are administered without regard to race, religion, color, national origin, citizenship, sex, sexual orientation, gender identity, age, veteran status, disability, genetic information, or any other protected characteristic. Five Star Bank and affiliate companies are committed to providing reasonable accommodations to employees and applicants with disabilities to the full extent required by the Americans with Disabilities Act (ADA). If you feel you need a reasonable accommodation pursuant to the ADA, you are encouraged to contact us at (585) 786-4344, (585) 498 - 7565 or (585) 786-1417.

Position Title: Enterprise Data Analyst

Location/Affiliate: FSB Plaza– Chestnut Street

Reports To (Title): Enterprise Data Manager Department: Enterprise Data Management

FLSA Status: Exempt

Purpose: The Enterprise Data Analyst collects, interprets, and analyzes data to support the corporate goals and strategic initiatives.

Scope and direction

Area of Responsibility: Enterprise Data Management

Degree of Supervision Received (Minimal, Moderate or Extensive): Moderate

From (Title): Enterprise Data Manager

Degree of Supervision Given (None, Minimal, Moderate or Extensive): None

To (Title(s)): N/A

Essential Functions: The major duties of the job that constitute the fundamental tasks and or responsibilities of the position. Employees must be able to perform the essential functions of the position with or without reasonable accommodations.

1. Supports Enterprise Data Management initiatives, including identification of data sources, maintenance of data dictionary, and troubleshooting data issues.

2. Adheres to and helps support established Data Governance policies and procedures.

3. Prepares and publishes standard reporting, dashboards, etc. for various constituencies throughout the organization.

4. Provides analytical and statistical support necessary to complete data requests, campaigns, projects and other activities.

5. Works with business units to define scope and requirements for data requests and conveys those requirements to IT as needed.

6. Supports and maintains enterprise data sources and systems, where appropriate.

7. Demonstrates the standards and principles of the Five Star experience in every interaction with internal and external customers and associates. Incorporates the high-performance behaviors of teamwork, leading by example and service in every facet of work

8. This job description is not exhaustive. The Enterprise Data Analyst may be required to perform other duties as assigned.

Job-Related Qualifications

Education:

Required: Bachelor’s Degree in marketing, Market

Research, Data Analysis, Finance or

related field

-OR-

Required: Associate Degree in Marketing,

Market Research, Data Analysis, Finance

or related field

Preferred: Bachelor’s Degree in marketing, Market

Research, Data Analysis, Finance or

related field

Prior Experience:

Years: 2+ Type: Marketing, Market Research, Data

Analysis, or Finance

Years: 4+ Type: Marketing, Market Research, Data

Analysis, or Finance

Years: 2+ Type: Marketing, Market Research, Data

Analysis, or Finance

Licenses or Accreditation:

Required:

Preferred:

Competencies:

1. Excellent written and verbal communications skills

2. Ability to present information in an effective concise manner to employees with diverse skill sets

3. Excellent organizational skills with ability to manage multiple priorities and meet established deadlines

4. Analytical ability to interpret data and present it in a meaningful and easily understood form

5. Proficient in Microsoft Office, especially Excel, with the ability to learn and utilize new and existing banking software applications

6. Proven working application of SQL, data visualization (Power BI preferred), and other business intelligence tools

7. Knowledge of or the ability to learn the intricacies of bank products and services

8. Ability to work with all levels of staff and share ideas to achieve companywide results

Physical Requirements:

1. Able to regularly sit for prolonged periods of time

2. Extensive computer usage is required

3. Occasional travel within the corporate footprint

Note: At a later stage in the application process, applicants may be required to provide information about their criminal conviction history, if any, and to authorize the procurement of a consumer report that will contain, among other things, information about criminal conviction history. Except as required by applicable law, past criminal convictions will not automatically disqualify an applicant from employment, and Five Star Bank will only consider such history in accordance with applicable law. Please be advised, however, that federal law prohibits Five Star Bank from employing“any person who has been convicted of any criminal offense involving dishonesty or a breach of trust or money laundering, or has agreed to enter into a pretrial diversion or similar program in connection with a prosecution for such offense” unless the FDIC has provided prior written consent.",3.1,Five Star Bank,NY,-1,501 to 1000 Employees,Company - Public,Investment Banking & Asset Management,Finance,$100 to $500 million (USD),-1,2021,"data,train"
18,Data Analyst/Lead Collateral Analyst,92500.0,"At FHLB Des Moines, we work each day to develop an inclusive culture that supports and leverages the complexity of a diverse workforce. This enables us to effectively serve the needs of our members and help them succeed.

Responsibilities/Duties/Function/Tasks:
Extract data from Bank systems and validate for accuracy.
Analyze collateral data received from members in order to create spreadsheets, reports, and perform research.
Maintain a controlled operating environment, perform first line of defense data analysis, process reviews, ensuring compliance with Bank policy, regulation and procedures.
Manage and report on Member and Financial Operations End User Computing Applications (EUCs), ensuring compliance with necessary controls as outlined in the Bank’s policies and procedures
Analyze and develop processes to ensure compliance with all regulations, policies, and procedures
Identify and implement efficiencies within processes to aide in prompt, accurate delivery of products and services to our members
Ensure written procedures align with Bank policies and controls
Support management in preparation and validation of reports and presentations for the Board of Directors, Management, Internal Audit, FHFA examinations and members as well as other information as needed
Provide excellent service to internal and external customers by responding to requests for service and choosing the appropriate method for communicating with members and co-workers
Manage departmental internal controls and regulatory issues
Ensure business activities are in line with Strategic Business Plans
Provide backup to the other Member and Financial Operations Collateral Analysts as needed
Perform other duties and projects as assigned
Qualifications:
Bachelor’s degree in an accounting, finance, business or math-related fields or equivalent experience in a financial services field.
Experience with mortgage lending documentation (residential, commercial, and/or agricultural) a plus
Experience working with securities a plus
High attention to detail; inquisitive mind-set.
Strong verbal and written communications skills that promote effective working relationships in a team-oriented environment.
Strong organization and presentation skills.
Strong interpersonal skills and ability to interact effectively with customers, vendors and employees at all levels of the Bank
Strong computer skills, including proficiency using Microsoft Windows, Word, Excel and Visio.
Experience with business intelligence & visualization software such QlikView, Qlik Sense or similar is preferred
Solid understanding of business process flows, data sources and controls
Must be analytical and team-oriented, enthusiastic and able to work in a fast-paced environment
Excellent project management and multi-tasking skills
Ability to work independently.
Demonstrated ability to partner and build strong collaborative, trusting relationships.
Ability to positively engage, self-motivate and possess a strong desire to learn.
Manage, analyze, and recommend changes to processes and procedures within the Bank’s control framework, perform comprehensive mapping of business processes, while encompassing requirements of SOX controls, general controls, End User Computing Applications and Qliksense reports to ensure compliance with Bank policies, procedures and applicable regulations. Further improve the quality and strength of collaborative risk assessment initiatives for all controlled operating environments focusing on the reporting of numerous processes including, but not limited to member collateral, Muni Evaluations and pricing thus enabling a more synchronized approach for internal audits, external audits and regulatory exams.",3.7,FHLB Des Moines,IA,-1,201 to 500 Employees,Company - Private,Banks & Credit Unions,Finance,$500 million to $1 billion (USD),-1,88,data
20,Sales & Marketing Data Analyst,66500.0,"Overview:
Summary: The Sales & Marketing Data Analyst is responsible for supporting the Sales, Marketing, and Licensing teams through accessing data, building reports, and providing analytical insights.
Organizational Relationships: The Sales & Marketing Data Analyst has a direct reporting relationship with the Analytics Product Manager. This position also has regular contact with associates within the Sales, Marketing, and Licensing teams.
Responsibilities:
Responsibilities:
Sales Support
Fulfill data and reporting request, including data discrepancies, trend analysis, forecasting
Maintaining and building effective dashboards
Create customs reports as requested by agency partners
Marketing Support
Develop data and agency listing to support a variety of marketing campaigns
Reporting and analysis of marketing campaigns
Licensing
Provide data and analytics to address commission questions, agency on-boarding, terminations, buy/sell considerations
Proactively develop analytics in support of revenue growth initiatives
Partner with actuarial and product teams in support developing and communicating profit sharing initiatives, agency incentive programs, agency quality metrics, and competitor analysis dashboards.
Knowledge of data mining and statistical tools such as Excel, Access, SAS, R, Python, SQL
Ability to prioritize tasks and projects based on departmental needs.
Qualifications:
Qualifications:
Analytics experience
Experience with data visualization and creation of KPIs
College degree preferred
Statistical knowledge including advanced understanding of modelling preferred
Certificates/Licensure: Demonstrated proficiency of SAS, R, or Python

Environmental Demands: The duties of this position are typically performed in an office setting. There may be some minimal road and air travel involved.

Physical Requirements: This position requires minimal physical exertion. Good communication skills are required properly perform the functions of the job.

Mental Requirements: Skills necessary for the effective performance of this position’s job functions include: decision-making and analytical abilities, excellent interpersonal skills, effective problem-solving, oral and written communication capabilities, ability to fully utilize computers and computer programs.

Equipment Used: Computers, calculators, telephones

Note: This description is an outline of the major recurring responsibilities of the job. It is not intended to be all-inclusive of the work performed. Other related job objectives, special assignments and less significant responsibilities will typically be performed by the incumbent.",3.6,UPC Insurance,FL,-1,201 to 500 Employees,Company - Public,Insurance Carriers,Insurance,$500 million to $1 billion (USD),-1,21,"analysis,python,data"
21,DEI Data Analyst,94000.0,"LPL’s commitment to increasing representation for women and people of color has three pillars – Promote internal diverse top talent, Attract diverse top talent, and Engage all employees to create a sense of belonging. Aligned with all three pillars, the Diversity, Equity, & Inclusion (DEI) Data Analyst will be responsible for all aspects of reporting on the company’s progress for Employee DEI and Advisor D&I strategies. This position will work in close partnership with Advisor D&I (with a dotted line reporting relationship).
Core Responsibilities:
Develop reporting solutions that will provide transparency and areas of opportunity for LPL’s DEI efforts
Deliver a structure and cadence of reporting to meet the needs of the various audiences – including a regularly-scheduled scorecard, self-service on-demand reporting, and ad hoc requests
Create data governance structure so that sensitive HR information is managed, disseminated, and analyzed in a way that delivers high value but does not create risk through flawed interpretation or inappropriate distribution
Enable team and partners to provide data-driven insights and solutions to meet goals of DEI/A D&I strategy using internal data and external benchmarking/market analysis
Develop relationships with SME teams – HR Analytics, IT, Legal, MIDAS, Talent & Culture, external vendors – to deliver tools/systems solutions
Serve as central point of contact for all DEI employee and Community Relations data requests
What will success look like in first 90 days?
Understand Employee DEI and Advisor D&I strategies and the position’s role in accomplishing them
Create and iterate scorecard strawman to be used by leaders and the firm to monitor and report on progress
Build Critical Thinking Group to design data governance procedures
Gain awareness of existing data sources and gaps that exist so that programs and initiatives can be informed by data and insights
Qualifications:
2+ years of related experience in business analyst roles with deep interest in data, metrics, analysis, and trends with preference for experience with diversity data sources (EEO, US census, HRIS)
Ability to maintain confidentiality when working with confidential HR and proprietary data
Project management experience (Agile preferred)
Advanced to expert knowledge of the Microsoft Office product suite (Excel, Word, PowerPoint), including a strong ability to visually convey information and insights through graphs, charts, and other means
Advanced knowledge of Workday or other HRIS
Ability to identify linkages and insights between multiple datasets from different sources
Proficiency in utilizing reporting tools such as Tableau and Workday Prism
Effective verbal and written communication skills with comfort presenting to management
BA/BS or equivalent in relevant business experience
Why LPL?
At LPL, we believe that objective financial guidance is a fundamental need for everyone. As the nation’s leading independent broker-dealer, we offer an integrated platform of proprietary technology, brokerage, and investment advisor services. We provide you with a work environment that encourages your creativity and growth, a leadership team that is supportive and responsive, and the opportunity to create a career that has no limits, only amazing potential.
We are one team on one mission. We take care of our advisors, so they can take care of their clients.
Because our company is not too big and not too small, you can seize the opportunity to make a real impact. We are committed to supporting workplace equality, and we embrace the different perspectives and backgrounds of our employees.We also care for our communities, and we encourage our employees to do the same. This creates an environment in which you can do your best work.
Want to hear from our employees on what it’s like to work at LPL? Watch this!
We take social responsibility seriously. Learn more here
Want to see info on our benefits? Learn more here
Join the LPL team and help us make a difference by turning life’s aspirations into financial realities. Please log in or create an account to apply to this position. Principals only. EOE.
Information on Interviews:
LPL will only communicate with a job applicant directly from an @lpl.com email address and will never conduct an interview online or in a chatroom forum. During an interview, LPL will not request any form of payment from the applicant, or information regarding an applicant’s bank or credit card. Should you have any questions regarding the application process, please contact LPL’s Human Resources Solutions Center at (800) 877-7210.",3.7,LPL Financial,CA,-1,1001 to 5000 Employees,Company - Public,Investment Banking & Asset Management,Finance,$2 to $5 billion (USD),-1,52,"analysis,insights,data"
22,Web Data Analyst (South of Milwaukee),72000.0,"Web Data Analyst
Corporate Headquarters
12575 Uline Drive, Pleasant Prairie, WI 53158

Our customer promise is worth bragging about. Use your marketing and advertising expertise to spread the word and grow our business.

Better together than apart. This position is on-site, and we are looking for good people who share our passion.

Uline is proud to operate as a drug-free workplace. All new hires must complete a pre-employment drug screening.

Position Responsibilities
Collect web data and statistics for Uline’s various eCommerce websites (Uline.com, Uline.ca and Uline.mx).
Analyze data and provide weekly and monthly reports to management.
Make recommendations to improve website and reduce return rates.
Translate complex and analytical work into easy to understand data points.
Respond to ad hoc reporting requests and maintain relationships with various departments.

Minimum Requirements
Bachelor's degree.
Experience using Google Analytics or Adobe Analytics.
Experience using a data visualization tool such as Power BI or Tableau.
2+ years experience in website analysis.
Proficient in Microsoft Excel with some knowledge of SQL and / or Google BigQuery.
Well organized and detail-oriented with an ability to multitask.
Strong analytical and problem-solving skills.

Benefits
Complete insurance coverage that includes medical, dental, vision and life insurance, Flexible Spending Accounts and wellness programs.
401(k) with 5% employer match.
Paid holidays and generous paid time off.
Bonus programs that include annual performance, sales goals and profit sharing.
Scholarship program for children of employees.

Employee Perks
On-site café with executive chefs and seasonal dinner-to-go options.
First-class fitness center with complimentary personal trainers.
Over four miles of beautifully maintained walking trails.
Numerous employee appreciation events throughout the year.
Professional development classes and monthly in-house speakers.

About Uline

Uline is the leading distributor of shipping, industrial and packaging materials to businesses throughout North America. We're a family-owned company whose incredible service, huge inventory and quality products fuel our ongoing expansion and growth. We offer same-day shipping on over 37,500 products in our 812-page catalog and on our state-of-the-art e-commerce website.

Uline provides the essential supplies needed to keep organizations operational and productive. To protect the health and safety of our employees, we have modified our normal operating policies in response to COVID-19.

Each resume submitted gets individually reviewed by our team and retained for 24 months in case a great opportunity opens for you to join our Uline family.

EEO/AA Employer/Vet/Disabled

#LI-SR1
#CORP",3.6,Uline,WI,-1,5001 to 10000 Employees,Company - Private,Wholesale,Business Services,Unknown / Non-Applicable,-1,40,data
23,Operations Data Analyst,54000.0,"McLeod Software is the leading developer and provider of transportation management software to trucking and freight brokerage companies in the United States. We are highly respected within the transportation industry, and are growing again! We believe that investing in people who have a natural desire to learn and grow is one of our greatest competitive advantages. Each person has an opportunity to contribute directly to the Company's growth and success - and we look for individuals who take pride in doing that. McLeod Software is seeking an Operations Data Analyst - ECS for our headquarters in Birmingham, AL. The Operations Data Analyst - ECS will lead the analytical data analytics and compilation for the ECS teams in order to accomplish business objectives.

Essential Duties and Responsibilities:

Lead all data compilations with detail analysis to the ECS Management team
Define requirements, compile data elements across multiple data sources, and present data in dashboard style output for critical business decisions
Working regularly in Microsoft Power BI toolset to create and report on key operational data
Responsible for creation and maintenance of process flow diagrams using Microsoft Visio and other toolsets
Develops and provides departmental analytical analysis based on goal-sets and key measures; collecting, analyzing and summarizing information
Documenting operations business process and procedures, helping to review for efficiency and accuracy and assisting in training and implementation to standardize said processes and procedures within the business unit
Develops problem solutions by describing requirements in a work-flowchart and diagram; studying system capabilities; analyzing alternative solutions
Develops project estimates by identifying phases and elements, personnel requirements, and costs
Prepares internal customers by conducting training
Provides reference for internal customers by writing documentation; providing support and help
Maintains quality service by establishing and enforcing organization standards
Provides timely follow-up as appropriate
Interfaces with Company leaders regularly
Maintain a favorable working relationship with all other company employees to foster and promote a cooperative and harmonious working climate which will be conducive to maximum employee morale, productivity and effectiveness
Assist customers at annual McLeod Software User's Conference
Continue improvement of technical knowledge and ability
Assist and partcipate in customer facing activities as needed


Qualifications:

A minimum of 2 (two) years of process improvement, data mining, analysis, and support along with data analysis experience in software, customer service, call centers, transportation or other related industry
Microsoft SQL expertise with focus in Microsoft Power BI
Comfortable with Microsoft SSRS (SQL Server Reporting Services)
Microsoft Office expertise with focus in Microsoft Excel utilizing pivot tables, Microsoft Word and Microsoft Visio
General knowledge of software and/or transportation industry preferred.
Ability to build relationships and work effectively at all levels of an organization and to interact confidently with senior management
Ability to maintain a friendly attitude with others (customers and other employees) regardless of situation
Ability to communicate technical information coherently, both verbally and in writing, to customers with various levels of education
Ability to control emotions and remain calm in stressful situations


Education:

Bachelor's Degree or equivalent
About Us:

Since 1985, McLeod Software has provided powerful transportation management and trucking software solutions to the trucking industry. These solutions, developed entirely by our company, are comprehensive and support integration with a broad array of complimentary logistics products.

We are the leader when it comes to software for trucking dispatch operations management, freight brokerage management, fleet management, document imaging, workflow, EDI, and business process automation solutions for trucking, freight brokerage, third party logistics, and shipper companies in the United States.

With an established base of more than 850 active customers throughout North America, McLeod Software is dedicated solely to the transportation industry. This focus means we have a deep understanding of the needs and intricate details involved in carrier, broker, and freight management businesses of all types.

McLeod Software owns our national headquarters building in Birmingham, Alabama, and we also operate regional offices with training facilities in Salt Lake City, Utah and Downers Grove, Illinois. We employ more than 500 professionals.

McLeod Software does not discriminate in employment opportunities or practices on the basis of race, color, religion, sex, national origin, age, disability, or any other characteristic protected by law. We are an equal opportunity employer and we participate in E-Verify.",4.2,McLeod Software,AL,-1,201 to 500 Employees,Company - Private,Transportation Management,Transportation & Logistics,$10 to $25 million (USD),-1,35,"analysis,training,data"
24,Data Standard Analyst - Biostatistics Team,58000.0,"Overview :

Medpace is a full-service clinical contract research organization (CRO). We provide Phase I-IV clinical development services to the biotechnology, pharmaceutical and medical device industries. Our mission is to accelerate the global development of safe and effective medical therapeutics through its scientific and disciplined approach. We leverage local regulatory and therapeutic expertise across all major areas including oncology, cardiology, metabolic disease, endocrinology, central nervous system, anti-viral and anti-infective. Headquartered in Cincinnati, Ohio, employing approximately 3,500 people across almost 40 countries.

Job Summary:

Our corporate activities are growing rapidly, and we are currently seeking a full-time, office-based Data Standard Analyst to join our Biostatistics team. This position will work on a team to accomplish tasks and projects that are instrumental to the company’s success. If you want an exciting career where you use your previous expertise and can develop and grow your career even further, then this is the opportunity for you.

Responsibilities :
Create annotated CRFs per CDISC SDTM standard and mapping specifications for study level data collection source data to CDISC SDTM;
Implement data standard and create SDTM data;
Perform validation of CDISC SDTM data in accordance with SOPs and guidance documents; and
Ensure SDTM data conforms to the data standards expected by regulatory agencies.
Qualifications :
Bachelor's Degree in Math, Statistics, Life Sciences, or equivalent; and
SAS knowledge preferred.

TRAVEL: None

Why Medpace?:

When you join Medpace, you become part of a team dedicated to supporting the development of ground-breaking drugs and devices. Our employees provide hope for those living with debilitating diseases. We invite you to be a part of something that is impacting millions of people around the globe while enjoying a competitive total compensation and benefits package and internal growth opportunities.

Awards:

Medpace historically named a Top Cincinnati Workplace by the Cincinnati Enquirer
Medpace ranks amongst top CROs for site ratings across all 10 important attributes including CRA training, preparation & organization, accessibility of staff, open communication, and ensuring timely drug availability
Continually recognized with CRO Leadership Awards from Life Science Leader magazine based on expertise, quality, capabilities, reliability, and compatibility

What to Expect Next:

A member of our recruitment team will review your qualifications and, if interested, you will be contacted for an interview.

EO/AA Employer M/F/Disability/Vets
WARNING: Please beware of phishing scams that offer opportunities with Medpace in exchange for sending money. These scammers pose as legitimate employees from actual companies. Please be advised that a Medpace employee will never ask you for a credit card, send you a check, or ask you for any type of payment as part of consideration for a role with our company. All of our careers require that you first complete an online application and go through some sort of interview process.",2.7,"Medpace, Inc.",OH,-1,1001 to 5000 Employees,Company - Public,Biotech & Pharmaceuticals,Biotech & Pharmaceuticals,$100 to $500 million (USD),-1,28,data
